\sqrt[6]{5},x^\frac{1}{2},a \not\in \emptyset,A \cup B,1\leq x \wedge x < y,\mathbb{Z} \neq \emptyset,\sin x + \ln y + \cot z,3x - 7 = 0,A \times B,A \neq B,A \cap B,\lnot \lnot p = p,\frac{1}{3+7},f(x) = x^3
\sqrt[6]{5},x^\frac{1}{2},a \not\in \emptyset,A \cup B,1\leq x < y,\{ \mathbb{Z} \} \neq \emptyset,\sin x + \ln y + \cot z,3x - 7 = 0,A \times B,A \neq B,A \cap B,\lnot \lnot p = p,\frac{1}{3+7},f(x) = x^3
\sqrt[6]{5},x^\frac{1}{2},a \not\in \emptyset,A \cup B,1\leq x \wedge x < y,\{ \mathbb{Z} \} \neq \{\emptyset\},\sin x + \ln y + \cot z,3x - 7 = 0,A \times B,A \neq B,A \cap B,\lnot \lnot p = p,\frac{1}{3+7},f(x) = x^3
\sqrt[6]{5},\sqrt{2},a \not\in \emptyset,A \cup B,1\leq x \wedge x \leq y,\mathbb{Z} \neq \emptyset,\sin x + \ln y + \cot z,3x - 7 = 0,A \times B,A \neq B,A \cap B,\lnot \lnot p = p,1\div(3+7),f(x) = x^3
\sqrt[6]{5},x^{1 \div 2},a \not\in \left \{ \right \},A \cup B,1\leq x \wedge x < y,\mathbb{Z} \neq \left \{ \right \},\sin x + \ln y + \cot z,"",A \times B,A \neq B,A \cap B,\lnot \lnot p = p,1 \div (3+7),f(x) = x^3
\sqrt[6]{5},x^\frac{1}{2},a \not\in \emptyset,A \cup B,1\leq x \wedge x < y,\mathbb{Z} \neq \emptyset,\sin x + \ln y + \cot z,3x - 7 = 0,A \times B,A \neq B,A \cap B,\lnot \lnot p = p,\frac{1}{3+7},f(x) = x^3
\sqrt[6]{5},x^\frac{1}{2},a \not\in \emptyset,A \cup B,1\leq x \wedge x < y,\mathbb{Z} \neq \emptyset,\sin x + \ln y + \cot z,3x - 7 = 0,A \times B,A \neq B,A \cap B,\lnot \lnot p = p,\frac{1}{3+7},f(x) = x^3
\sqrt[6]{5},x^\frac{1}{2},a \not\in \emptyset,A \cup B,1\leq x \wedge x < y,\mathbb{Z} \neq \emptyset,\sin x + \ln y + \cot z,3x - 7 = 0,A \times B,A \neq B,A \cap B,\lnot \lnot p = p,\frac{1}{3+7},f(x) = x^3
\sqrt[6]{5},x^\frac{1}{2},a \not\in \emptyset,A \cup B,1\leq x \wedge x < y,\mathbb{Z} \neq \emptyset,\sin x + \ln y + \cot z,3x - 7 = 0,A \times B,A \neq B,A \cap B,\lnot \lnot p = p,\frac{1}{3+7},f(x) = x^3
\sqrt[6]{5},x^\frac{1}{2},a \not\in \emptyset,A \cup B,1\leq x \wedge x > y,\mathbb{Z} \neq \emptyset,\sin x + \ln y + \cot z,3x - 7 = 0,A \times B,A \neq B,A \cap B,\lnot \lnot p = p,\frac{1}{3+7},f(x) = x^3
\sqrt[6]{5},x^\frac{1}{2},a \not\in \emptyset,A \cup B,1\leq x \wedge x > y,\mathbb{Z} \neq \emptyset,\sin x + \ln y + \cot z,3x - 7 = 0,A \times B,A \neq B,A \cap B,\lnot \lnot p = p,\frac{1}{3+7},f(x) = x^3
\sqrt[6]{5},x^\frac{1}{2},a \not\in \emptyset,A \cup B,1\leq x \wedge x > y,\mathbb{Z} \neq \emptyset,\sin x + \ln y + \cot z,3x - 7 = 0,A \times B,A \neq B,A \cap B,\lnot \lnot p = p,\frac{1}{3+7},f(x) = x^3
\sqrt[6]{5},x^\frac{1}{2},a \not\in \{\emptyset\},A \cup B,1\leq x \wedge x < y,\mathbb{Z} \neq \emptyset,\sin x + \ln y + \cot z,3x - 7 = 0,A \times B,A \neq B,A \cap B,\lnot \lnot p = p,\frac{1}{3+7},f(x) = x^3